--------------------------------------------------------
--  Fichier créé - samedi-octobre-15-2022   
--------------------------------------------------------
--------------------------------------------------------
--  DDL for Table OUVERTURE
--------------------------------------------------------

CREATE TABLE OUVERTURE
  (	"CODERESTAU" NUMBER(5,0), 
	"LIBJOUR" VARCHAR2(10 BYTE), 
	"HEUREOUVERTURE" NUMBER(2,0), 
	"HEUREFERMUTURE" NUMBER(2,0)
  ) SEGMENT CREATION IMMEDIATE 
  PCTFREE 10 PCTUSED 40 INITRANS 1 MAXTRANS 255 
  NOCOMPRESS LOGGING
  STORAGE(INITIAL 65536 NEXT 1048576 MINEXTENTS 1 MAXEXTENTS 2147483645
  PCTINCREASE 0 FREELISTS 1 FREELIST GROUPS 1
  BUFFER_POOL DEFAULT FLASH_CACHE DEFAULT CELL_FLASH_CACHE DEFAULT)
  TABLESPACE "PERSO" ;
--------------------------------------------------------
--  DDL for Table PLATS
--------------------------------------------------------

  CREATE TABLE PLATS
   (	"CODE" NUMBER(5,0), 
	"NOM" VARCHAR2(50 BYTE), 
	"PLACE" VARCHAR2(50 BYTE), 
	"COULEURVINRDÉÉ" VARCHAR2(50 BYTE), 
	"CODEVINRDÉE" NUMBER(5,0)
   ) SEGMENT CREATION IMMEDIATE 
  PCTFREE 10 PCTUSED 40 INITRANS 1 MAXTRANS 255 
 NOCOMPRESS LOGGING
  STORAGE(INITIAL 65536 NEXT 1048576 MINEXTENTS 1 MAXEXTENTS 2147483645
  PCTINCREASE 0 FREELISTS 1 FREELIST GROUPS 1
  BUFFER_POOL DEFAULT FLASH_CACHE DEFAULT CELL_FLASH_CACHE DEFAULT)
  TABLESPACE "PERSO" ;
--------------------------------------------------------
--  DDL for Table RESTAURANTS
--------------------------------------------------------

  CREATE TABLE "RESTAURANTS" 
   (	"CODE" NUMBER(5,0), 
	"NOM" VARCHAR2(50 BYTE), 
	"VILLE" VARCHAR2(50 BYTE)
   ) SEGMENT CREATION IMMEDIATE 
  PCTFREE 10 PCTUSED 40 INITRANS 1 MAXTRANS 255 
 NOCOMPRESS LOGGING
  STORAGE(INITIAL 65536 NEXT 1048576 MINEXTENTS 1 MAXEXTENTS 2147483645
  PCTINCREASE 0 FREELISTS 1 FREELIST GROUPS 1
  BUFFER_POOL DEFAULT FLASH_CACHE DEFAULT CELL_FLASH_CACHE DEFAULT)
  TABLESPACE "PERSO" ;
--------------------------------------------------------
--  DDL for Table SERVICEPLATS
--------------------------------------------------------

  CREATE TABLE "SERVICEPLATS" 
   (	"CODERESTAU" NUMBER(5,0), 
	"CODEPLATS" NUMBER(5,0), 
	"PRIXVIN" NUMBER(5,2), 
	"SPECIALITÉ" VARCHAR2(1 BYTE)
   ) SEGMENT CREATION IMMEDIATE 
  PCTFREE 10 PCTUSED 40 INITRANS 1 MAXTRANS 255 
 NOCOMPRESS LOGGING
  STORAGE(INITIAL 65536 NEXT 1048576 MINEXTENTS 1 MAXEXTENTS 2147483645
  PCTINCREASE 0 FREELISTS 1 FREELIST GROUPS 1
  BUFFER_POOL DEFAULT FLASH_CACHE DEFAULT CELL_FLASH_CACHE DEFAULT)
  TABLESPACE "PERSO" ;
--------------------------------------------------------
--  DDL for Table SERVICEVIN
--------------------------------------------------------

  CREATE TABLE "SERVICEVIN" 
   (	"CODERESTAU" NUMBER(5,0), 
	"CODEVIN" NUMBER(5,0), 
	"PRIXVIN" NUMBER(5,2)
   ) SEGMENT CREATION IMMEDIATE 
  PCTFREE 10 PCTUSED 40 INITRANS 1 MAXTRANS 255 
 NOCOMPRESS LOGGING
  STORAGE(INITIAL 65536 NEXT 1048576 MINEXTENTS 1 MAXEXTENTS 2147483645
  PCTINCREASE 0 FREELISTS 1 FREELIST GROUPS 1
  BUFFER_POOL DEFAULT FLASH_CACHE DEFAULT CELL_FLASH_CACHE DEFAULT)
  TABLESPACE "PERSO" ;
--------------------------------------------------------
--  DDL for Table VINS
--------------------------------------------------------

  CREATE TABLE "VINS" 
   (	"CODE" NUMBER(5,0), 
	"CRU" VARCHAR2(50 BYTE), 
	"MILLESIME" VARCHAR2(50 BYTE), 
	"REGION" VARCHAR2(50 BYTE), 
	"COULEUR" VARCHAR2(50 BYTE)
   ) SEGMENT CREATION IMMEDIATE 
  PCTFREE 10 PCTUSED 40 INITRANS 1 MAXTRANS 255 
 NOCOMPRESS LOGGING
  STORAGE(INITIAL 65536 NEXT 1048576 MINEXTENTS 1 MAXEXTENTS 2147483645
  PCTINCREASE 0 FREELISTS 1 FREELIST GROUPS 1
  BUFFER_POOL DEFAULT FLASH_CACHE DEFAULT CELL_FLASH_CACHE DEFAULT)
  TABLESPACE "PERSO" ;
REM INSERTING into OUVERTURE
SET DEFINE OFF;
Insert into OUVERTURE (CODERESTAU,LIBJOUR,HEUREOUVERTURE,HEUREFERMUTURE) values ('1','Lundi','12','14');
Insert into OUVERTURE (CODERESTAU,LIBJOUR,HEUREOUVERTURE,HEUREFERMUTURE) values ('1','Lundi','19','23');
Insert into OUVERTURE (CODERESTAU,LIBJOUR,HEUREOUVERTURE,HEUREFERMUTURE) values ('1','Samedi','1','4');
Insert into OUVERTURE (CODERESTAU,LIBJOUR,HEUREOUVERTURE,HEUREFERMUTURE) values ('1','Samedi','12','14');
Insert into OUVERTURE (CODERESTAU,LIBJOUR,HEUREOUVERTURE,HEUREFERMUTURE) values ('1','Samedi','20','23');
Insert into OUVERTURE (CODERESTAU,LIBJOUR,HEUREOUVERTURE,HEUREFERMUTURE) values ('2','Samedi','22','5');
Insert into OUVERTURE (CODERESTAU,LIBJOUR,HEUREOUVERTURE,HEUREFERMUTURE) values ('3','Dimanche','12','14');
Insert into OUVERTURE (CODERESTAU,LIBJOUR,HEUREOUVERTURE,HEUREFERMUTURE) values ('3','Dimanche','19','22');
Insert into OUVERTURE (CODERESTAU,LIBJOUR,HEUREOUVERTURE,HEUREFERMUTURE) values ('3','Jeudi','12','14');
Insert into OUVERTURE (CODERESTAU,LIBJOUR,HEUREOUVERTURE,HEUREFERMUTURE) values ('3','Jeudi','19','22');
Insert into OUVERTURE (CODERESTAU,LIBJOUR,HEUREOUVERTURE,HEUREFERMUTURE) values ('3','Lundi','12','14');
Insert into OUVERTURE (CODERESTAU,LIBJOUR,HEUREOUVERTURE,HEUREFERMUTURE) values ('3','Lundi','19','22');
Insert into OUVERTURE (CODERESTAU,LIBJOUR,HEUREOUVERTURE,HEUREFERMUTURE) values ('3','Mardi','12','14');
Insert into OUVERTURE (CODERESTAU,LIBJOUR,HEUREOUVERTURE,HEUREFERMUTURE) values ('3','Mardi','19','22');
Insert into OUVERTURE (CODERESTAU,LIBJOUR,HEUREOUVERTURE,HEUREFERMUTURE) values ('3','Mercredi','12','14');
Insert into OUVERTURE (CODERESTAU,LIBJOUR,HEUREOUVERTURE,HEUREFERMUTURE) values ('3','Mercredi','19','22');
Insert into OUVERTURE (CODERESTAU,LIBJOUR,HEUREOUVERTURE,HEUREFERMUTURE) values ('3','Samedi','12','14');
Insert into OUVERTURE (CODERESTAU,LIBJOUR,HEUREOUVERTURE,HEUREFERMUTURE) values ('3','Samedi','19','22');
Insert into OUVERTURE (CODERESTAU,LIBJOUR,HEUREOUVERTURE,HEUREFERMUTURE) values ('3','Vendredi','12','14');
Insert into OUVERTURE (CODERESTAU,LIBJOUR,HEUREOUVERTURE,HEUREFERMUTURE) values ('3','Vendredi','19','22');
Insert into OUVERTURE (CODERESTAU,LIBJOUR,HEUREOUVERTURE,HEUREFERMUTURE) values ('4','Samedi','20','23');
Insert into OUVERTURE (CODERESTAU,LIBJOUR,HEUREOUVERTURE,HEUREFERMUTURE) values ('4','Vendredi','12','15');
Insert into OUVERTURE (CODERESTAU,LIBJOUR,HEUREOUVERTURE,HEUREFERMUTURE) values ('5','Dimanche','12','15');
Insert into OUVERTURE (CODERESTAU,LIBJOUR,HEUREOUVERTURE,HEUREFERMUTURE) values ('5','Lundi','12','14');
Insert into OUVERTURE (CODERESTAU,LIBJOUR,HEUREOUVERTURE,HEUREFERMUTURE) values ('5','Lundi','19','20');
Insert into OUVERTURE (CODERESTAU,LIBJOUR,HEUREOUVERTURE,HEUREFERMUTURE) values ('5','Samedi','20','23');
Insert into OUVERTURE (CODERESTAU,LIBJOUR,HEUREOUVERTURE,HEUREFERMUTURE) values ('6','Dimanche','20','22');
Insert into OUVERTURE (CODERESTAU,LIBJOUR,HEUREOUVERTURE,HEUREFERMUTURE) values ('6','Samedi','20','4');
Insert into OUVERTURE (CODERESTAU,LIBJOUR,HEUREOUVERTURE,HEUREFERMUTURE) values ('7','Jeudi','12','15');
Insert into OUVERTURE (CODERESTAU,LIBJOUR,HEUREOUVERTURE,HEUREFERMUTURE) values ('7','Mardi','12','15');
Insert into OUVERTURE (CODERESTAU,LIBJOUR,HEUREOUVERTURE,HEUREFERMUTURE) values ('7','Mercredi','12','15');
Insert into OUVERTURE (CODERESTAU,LIBJOUR,HEUREOUVERTURE,HEUREFERMUTURE) values ('8','Samedi','12','15');
Insert into OUVERTURE (CODERESTAU,LIBJOUR,HEUREOUVERTURE,HEUREFERMUTURE) values ('8','Vendredi','12','15');
Insert into OUVERTURE (CODERESTAU,LIBJOUR,HEUREOUVERTURE,HEUREFERMUTURE) values ('9','Lundi','12','15');
Insert into OUVERTURE (CODERESTAU,LIBJOUR,HEUREOUVERTURE,HEUREFERMUTURE) values ('9','Lundi','20','22');
Insert into OUVERTURE (CODERESTAU,LIBJOUR,HEUREOUVERTURE,HEUREFERMUTURE) values ('9','Mardi','12','15');
Insert into OUVERTURE (CODERESTAU,LIBJOUR,HEUREOUVERTURE,HEUREFERMUTURE) values ('9','Mardi','20','22');
Insert into OUVERTURE (CODERESTAU,LIBJOUR,HEUREOUVERTURE,HEUREFERMUTURE) values ('10','Lundi','23','4');
Insert into OUVERTURE (CODERESTAU,LIBJOUR,HEUREOUVERTURE,HEUREFERMUTURE) values ('10','Mardi','1','5');
Insert into OUVERTURE (CODERESTAU,LIBJOUR,HEUREOUVERTURE,HEUREFERMUTURE) values ('10','Mercredi','12','14');
Insert into OUVERTURE (CODERESTAU,LIBJOUR,HEUREOUVERTURE,HEUREFERMUTURE) values ('10','Vendredi','12','14');
Insert into OUVERTURE (CODERESTAU,LIBJOUR,HEUREOUVERTURE,HEUREFERMUTURE) values ('10','Vendredi','22','4');
REM INSERTING into PLATS
SET DEFINE OFF;
Insert into PLATS (CODE,NOM,PLACE,"COULEURVINRDÉÉ","CODEVINRDÉE") values ('1','Salade de Tomates','Entrée',null,null);
Insert into PLATS (CODE,NOM,PLACE,"COULEURVINRDÉÉ","CODEVINRDÉE") values ('2','Salade Niçoise','Entrée',null,null);
Insert into PLATS (CODE,NOM,PLACE,"COULEURVINRDÉÉ","CODEVINRDÉE") values ('3','Salade Campagnarde','Entrée','Rouge',null);
Insert into PLATS (CODE,NOM,PLACE,"COULEURVINRDÉÉ","CODEVINRDÉE") values ('4','Foie Gras','Entrée','Blanc','5');
Insert into PLATS (CODE,NOM,PLACE,"COULEURVINRDÉÉ","CODEVINRDÉE") values ('5','Soupe de Poisson','Entrée',null,null);
Insert into PLATS (CODE,NOM,PLACE,"COULEURVINRDÉÉ","CODEVINRDÉE") values ('6','Assiette  de Charcuterie','Entrée','Rouge',null);
Insert into PLATS (CODE,NOM,PLACE,"COULEURVINRDÉÉ","CODEVINRDÉE") values ('7','Assiette Chinoise (Nems, Raviolis, ....)','Entrée',null,null);
Insert into PLATS (CODE,NOM,PLACE,"COULEURVINRDÉÉ","CODEVINRDÉE") values ('8','Huîtres Gratinées','Entrée','Blanc',null);
Insert into PLATS (CODE,NOM,PLACE,"COULEURVINRDÉÉ","CODEVINRDÉE") values ('9','Plateau de Fruits de mer','Entrée','Blanc','4');
Insert into PLATS (CODE,NOM,PLACE,"COULEURVINRDÉÉ","CODEVINRDÉE") values ('10','Gazpacho','Entrée',null,null);
Insert into PLATS (CODE,NOM,PLACE,"COULEURVINRDÉÉ","CODEVINRDÉE") values ('11','Magret  de Canard','Plat de résistance','Rouge','10');
Insert into PLATS (CODE,NOM,PLACE,"COULEURVINRDÉÉ","CODEVINRDÉE") values ('12','Soles à la Normande','Plat de résistance','Blanc','4');
Insert into PLATS (CODE,NOM,PLACE,"COULEURVINRDÉÉ","CODEVINRDÉE") values ('13','Gambas Grillées','Plat de résistance','Blanc',null);
Insert into PLATS (CODE,NOM,PLACE,"COULEURVINRDÉÉ","CODEVINRDÉE") values ('14','Homard à lAméricaine','Plat de résistance','Blanc',null);
Insert into PLATS (CODE,NOM,PLACE,"COULEURVINRDÉÉ","CODEVINRDÉE") values ('15','Cassoulet','Plat de résistance','Rouge',null);
Insert into PLATS (CODE,NOM,PLACE,"COULEURVINRDÉÉ","CODEVINRDÉE") values ('16','Spaghetti à la Bolognaise','Plat de résistance','Rosé',null);
Insert into PLATS (CODE,NOM,PLACE,"COULEURVINRDÉÉ","CODEVINRDÉE") values ('17','Pâtes Fraîches','Plat de résistance','Rosé','3');
Insert into PLATS (CODE,NOM,PLACE,"COULEURVINRDÉÉ","CODEVINRDÉE") values ('18','Aligot','Plat de résistance','Rouge','9');
Insert into PLATS (CODE,NOM,PLACE,"COULEURVINRDÉÉ","CODEVINRDÉE") values ('19','Boeuf Bourguignon','Plat de résistance','Rouge','8');
Insert into PLATS (CODE,NOM,PLACE,"COULEURVINRDÉÉ","CODEVINRDÉE") values ('20','Pizza','Plat de résistance','Rouge','7');
Insert into PLATS (CODE,NOM,PLACE,"COULEURVINRDÉÉ","CODEVINRDÉE") values ('21','Ile Flottante','Dessert',null,null);
Insert into PLATS (CODE,NOM,PLACE,"COULEURVINRDÉÉ","CODEVINRDÉE") values ('22','Profiterole','Dessert',null,null);
Insert into PLATS (CODE,NOM,PLACE,"COULEURVINRDÉÉ","CODEVINRDÉE") values ('23','Crème Caramel','Dessert',null,null);
Insert into PLATS (CODE,NOM,PLACE,"COULEURVINRDÉÉ","CODEVINRDÉE") values ('24','Gâteau Basque aux Myrtilles','Dessert',null,null);
Insert into PLATS (CODE,NOM,PLACE,"COULEURVINRDÉÉ","CODEVINRDÉE") values ('25','Sorbet Fruits Rouges','Dessert',null,null);
Insert into PLATS (CODE,NOM,PLACE,"COULEURVINRDÉÉ","CODEVINRDÉE") values ('26','Plateau de Fromages','Dessert','Rouge','1');
Insert into PLATS (CODE,NOM,PLACE,"COULEURVINRDÉÉ","CODEVINRDÉE") values ('27','Plateau de Fruits','Dessert',null,null);
Insert into PLATS (CODE,NOM,PLACE,"COULEURVINRDÉÉ","CODEVINRDÉE") values ('28','Nougat Glacé','Dessert',null,null);
Insert into PLATS (CODE,NOM,PLACE,"COULEURVINRDÉÉ","CODEVINRDÉE") values ('29','Tarte aux Pommes','Dessert',null,null);
Insert into PLATS (CODE,NOM,PLACE,"COULEURVINRDÉÉ","CODEVINRDÉE") values ('30','Tarte Tatin','Dessert',null,null);
REM INSERTING into RESTAURANTS
SET DEFINE OFF;
Insert into RESTAURANTS (CODE,NOM,VILLE) values ('1','Le Neptune','Grenade');
Insert into RESTAURANTS (CODE,NOM,VILLE) values ('2','Steak House','Labège');
Insert into RESTAURANTS (CODE,NOM,VILLE) values ('3','Auberge du Poids Public','Saint Félix Lauragais');
Insert into RESTAURANTS (CODE,NOM,VILLE) values ('4','Les 6 Marmitons','Toulouse');
Insert into RESTAURANTS (CODE,NOM,VILLE) values ('5','L''Espadon','Toulouse');
Insert into RESTAURANTS (CODE,NOM,VILLE) values ('6','Mille et Une Pâtes','Toulouse');
Insert into RESTAURANTS (CODE,NOM,VILLE) values ('7','L''Estouffade','Toulouse');
Insert into RESTAURANTS (CODE,NOM,VILLE) values ('8','La Bonne Auberge','L''Union');
Insert into RESTAURANTS (CODE,NOM,VILLE) values ('9','Pizzeria Le Carretou','Grenade');
Insert into RESTAURANTS (CODE,NOM,VILLE) values ('10','Le Don Quichotte','Eaunes');
REM INSERTING into SERVICEPLATS
SET DEFINE OFF;
Insert into SERVICEPLATS (CODERESTAU,CODEPLATS,PRIXVIN,"SPECIALITÉ") values ('1','5','10','0');
Insert into SERVICEPLATS (CODERESTAU,CODEPLATS,PRIXVIN,"SPECIALITÉ") values ('1','8','15','1');
Insert into SERVICEPLATS (CODERESTAU,CODEPLATS,PRIXVIN,"SPECIALITÉ") values ('1','9','25','0');
Insert into SERVICEPLATS (CODERESTAU,CODEPLATS,PRIXVIN,"SPECIALITÉ") values ('1','13','20','0');
Insert into SERVICEPLATS (CODERESTAU,CODEPLATS,PRIXVIN,"SPECIALITÉ") values ('1','20','12,5','0');
Insert into SERVICEPLATS (CODERESTAU,CODEPLATS,PRIXVIN,"SPECIALITÉ") values ('1','21','6','0');
Insert into SERVICEPLATS (CODERESTAU,CODEPLATS,PRIXVIN,"SPECIALITÉ") values ('2','1','5','0');
Insert into SERVICEPLATS (CODERESTAU,CODEPLATS,PRIXVIN,"SPECIALITÉ") values ('2','20','12,5','0');
Insert into SERVICEPLATS (CODERESTAU,CODEPLATS,PRIXVIN,"SPECIALITÉ") values ('2','28','5','0');
Insert into SERVICEPLATS (CODERESTAU,CODEPLATS,PRIXVIN,"SPECIALITÉ") values ('3','4','18','1');
Insert into SERVICEPLATS (CODERESTAU,CODEPLATS,PRIXVIN,"SPECIALITÉ") values ('3','8','12,5','0');
Insert into SERVICEPLATS (CODERESTAU,CODEPLATS,PRIXVIN,"SPECIALITÉ") values ('3','11','24','1');
Insert into SERVICEPLATS (CODERESTAU,CODEPLATS,PRIXVIN,"SPECIALITÉ") values ('3','19','22','0');
Insert into SERVICEPLATS (CODERESTAU,CODEPLATS,PRIXVIN,"SPECIALITÉ") values ('3','26','11','1');
Insert into SERVICEPLATS (CODERESTAU,CODEPLATS,PRIXVIN,"SPECIALITÉ") values ('3','30','7,5','0');
Insert into SERVICEPLATS (CODERESTAU,CODEPLATS,PRIXVIN,"SPECIALITÉ") values ('4','2','8','0');
Insert into SERVICEPLATS (CODERESTAU,CODEPLATS,PRIXVIN,"SPECIALITÉ") values ('4','3','12,5','1');
Insert into SERVICEPLATS (CODERESTAU,CODEPLATS,PRIXVIN,"SPECIALITÉ") values ('4','10','12','1');
Insert into SERVICEPLATS (CODERESTAU,CODEPLATS,PRIXVIN,"SPECIALITÉ") values ('4','15','25','1');
Insert into SERVICEPLATS (CODERESTAU,CODEPLATS,PRIXVIN,"SPECIALITÉ") values ('4','24','6','1');
Insert into SERVICEPLATS (CODERESTAU,CODEPLATS,PRIXVIN,"SPECIALITÉ") values ('4','27','7,5','0');
Insert into SERVICEPLATS (CODERESTAU,CODEPLATS,PRIXVIN,"SPECIALITÉ") values ('5','9','30','1');
Insert into SERVICEPLATS (CODERESTAU,CODEPLATS,PRIXVIN,"SPECIALITÉ") values ('5','14','23','1');
Insert into SERVICEPLATS (CODERESTAU,CODEPLATS,PRIXVIN,"SPECIALITÉ") values ('6','1','6','0');
Insert into SERVICEPLATS (CODERESTAU,CODEPLATS,PRIXVIN,"SPECIALITÉ") values ('6','16','12','1');
Insert into SERVICEPLATS (CODERESTAU,CODEPLATS,PRIXVIN,"SPECIALITÉ") values ('6','17','16','1');
Insert into SERVICEPLATS (CODERESTAU,CODEPLATS,PRIXVIN,"SPECIALITÉ") values ('6','20','9','0');
Insert into SERVICEPLATS (CODERESTAU,CODEPLATS,PRIXVIN,"SPECIALITÉ") values ('6','23','5','0');
Insert into SERVICEPLATS (CODERESTAU,CODEPLATS,PRIXVIN,"SPECIALITÉ") values ('6','29','5','0');
Insert into SERVICEPLATS (CODERESTAU,CODEPLATS,PRIXVIN,"SPECIALITÉ") values ('7','6','9','1');
Insert into SERVICEPLATS (CODERESTAU,CODEPLATS,PRIXVIN,"SPECIALITÉ") values ('7','7','13','0');
Insert into SERVICEPLATS (CODERESTAU,CODEPLATS,PRIXVIN,"SPECIALITÉ") values ('7','12','14','0');
Insert into SERVICEPLATS (CODERESTAU,CODEPLATS,PRIXVIN,"SPECIALITÉ") values ('7','27','7','0');
Insert into SERVICEPLATS (CODERESTAU,CODEPLATS,PRIXVIN,"SPECIALITÉ") values ('8','2','8','0');
Insert into SERVICEPLATS (CODERESTAU,CODEPLATS,PRIXVIN,"SPECIALITÉ") values ('8','15','14','0');
Insert into SERVICEPLATS (CODERESTAU,CODEPLATS,PRIXVIN,"SPECIALITÉ") values ('8','18','13','1');
Insert into SERVICEPLATS (CODERESTAU,CODEPLATS,PRIXVIN,"SPECIALITÉ") values ('9','1','5','0');
Insert into SERVICEPLATS (CODERESTAU,CODEPLATS,PRIXVIN,"SPECIALITÉ") values ('9','6','7','0');
Insert into SERVICEPLATS (CODERESTAU,CODEPLATS,PRIXVIN,"SPECIALITÉ") values ('9','17','10','0');
Insert into SERVICEPLATS (CODERESTAU,CODEPLATS,PRIXVIN,"SPECIALITÉ") values ('9','20','11','1');
Insert into SERVICEPLATS (CODERESTAU,CODEPLATS,PRIXVIN,"SPECIALITÉ") values ('10','2','11','0');
Insert into SERVICEPLATS (CODERESTAU,CODEPLATS,PRIXVIN,"SPECIALITÉ") values ('10','7','13','0');
Insert into SERVICEPLATS (CODERESTAU,CODEPLATS,PRIXVIN,"SPECIALITÉ") values ('10','22','7','0');
Insert into SERVICEPLATS (CODERESTAU,CODEPLATS,PRIXVIN,"SPECIALITÉ") values ('10','25','5','0');
REM INSERTING into SERVICEVIN
SET DEFINE OFF;
Insert into SERVICEVIN (CODERESTAU,CODEVIN,PRIXVIN) values ('1','4','25');
Insert into SERVICEVIN (CODERESTAU,CODEVIN,PRIXVIN) values ('1','5','15');
Insert into SERVICEVIN (CODERESTAU,CODEVIN,PRIXVIN) values ('2','7','9');
Insert into SERVICEVIN (CODERESTAU,CODEVIN,PRIXVIN) values ('3','5','16');
Insert into SERVICEVIN (CODERESTAU,CODEVIN,PRIXVIN) values ('3','10','20');
Insert into SERVICEVIN (CODERESTAU,CODEVIN,PRIXVIN) values ('4','1','13');
Insert into SERVICEVIN (CODERESTAU,CODEVIN,PRIXVIN) values ('4','2','15');
Insert into SERVICEVIN (CODERESTAU,CODEVIN,PRIXVIN) values ('4','3','10');
Insert into SERVICEVIN (CODERESTAU,CODEVIN,PRIXVIN) values ('4','4','26');
Insert into SERVICEVIN (CODERESTAU,CODEVIN,PRIXVIN) values ('4','5','20');
Insert into SERVICEVIN (CODERESTAU,CODEVIN,PRIXVIN) values ('4','6','14');
Insert into SERVICEVIN (CODERESTAU,CODEVIN,PRIXVIN) values ('4','7','5');
Insert into SERVICEVIN (CODERESTAU,CODEVIN,PRIXVIN) values ('4','8','32');
Insert into SERVICEVIN (CODERESTAU,CODEVIN,PRIXVIN) values ('4','9','18');
Insert into SERVICEVIN (CODERESTAU,CODEVIN,PRIXVIN) values ('4','10','20');
Insert into SERVICEVIN (CODERESTAU,CODEVIN,PRIXVIN) values ('5','5','23');
Insert into SERVICEVIN (CODERESTAU,CODEVIN,PRIXVIN) values ('6','1','16');
Insert into SERVICEVIN (CODERESTAU,CODEVIN,PRIXVIN) values ('6','3','13');
Insert into SERVICEVIN (CODERESTAU,CODEVIN,PRIXVIN) values ('6','6','12');
Insert into SERVICEVIN (CODERESTAU,CODEVIN,PRIXVIN) values ('7','7','8');
Insert into SERVICEVIN (CODERESTAU,CODEVIN,PRIXVIN) values ('7','9','13');
Insert into SERVICEVIN (CODERESTAU,CODEVIN,PRIXVIN) values ('8','1','16');
Insert into SERVICEVIN (CODERESTAU,CODEVIN,PRIXVIN) values ('8','5','19');
Insert into SERVICEVIN (CODERESTAU,CODEVIN,PRIXVIN) values ('8','6','12');
Insert into SERVICEVIN (CODERESTAU,CODEVIN,PRIXVIN) values ('9','7','10');
Insert into SERVICEVIN (CODERESTAU,CODEVIN,PRIXVIN) values ('10','3','15');
Insert into SERVICEVIN (CODERESTAU,CODEVIN,PRIXVIN) values ('10','6','14');
Insert into SERVICEVIN (CODERESTAU,CODEVIN,PRIXVIN) values ('10','7','9');
REM INSERTING into VINS
SET DEFINE OFF;
Insert into VINS (CODE,CRU,MILLESIME,REGION,COULEUR) values ('1','Gaillac','1993','Tarn','Rouge');
Insert into VINS (CODE,CRU,MILLESIME,REGION,COULEUR) values ('2','Madiran','1995','Gers','Rouge');
Insert into VINS (CODE,CRU,MILLESIME,REGION,COULEUR) values ('3','Irrouleguy','1995','Pays Basque','Rosé');
Insert into VINS (CODE,CRU,MILLESIME,REGION,COULEUR) values ('4','Gewurtztraminer','1990','Alsace','Blanc');
Insert into VINS (CODE,CRU,MILLESIME,REGION,COULEUR) values ('5','Jurançon','1997','Pyrénées Atlantique','Blanc');
Insert into VINS (CODE,CRU,MILLESIME,REGION,COULEUR) values ('6','Tavel','1994','Gard','Rosé');
Insert into VINS (CODE,CRU,MILLESIME,REGION,COULEUR) values ('7','Picrate','1993','Bordeaux','Rouge');
Insert into VINS (CODE,CRU,MILLESIME,REGION,COULEUR) values ('8','Château Lafite','1997','Médoc','Rouge');
Insert into VINS (CODE,CRU,MILLESIME,REGION,COULEUR) values ('9','Gaillac','1995','Tarn','Rouge');
Insert into VINS (CODE,CRU,MILLESIME,REGION,COULEUR) values ('10','Madiran','1996','Gers','Rouge');
--------------------------------------------------------
--  DDL for Index SYS_C00161597
--------------------------------------------------------

  CREATE UNIQUE INDEX "SYS_C00161597" ON "OUVERTURE" ("CODERESTAU", "LIBJOUR", "HEUREOUVERTURE") 
  PCTFREE 10 INITRANS 2 MAXTRANS 255 COMPUTE STATISTICS 
  STORAGE(INITIAL 65536 NEXT 1048576 MINEXTENTS 1 MAXEXTENTS 2147483645
  PCTINCREASE 0 FREELISTS 1 FREELIST GROUPS 1
  BUFFER_POOL DEFAULT FLASH_CACHE DEFAULT CELL_FLASH_CACHE DEFAULT)
  TABLESPACE "PERSO" ;
--------------------------------------------------------
--  DDL for Index SYS_C00161586
--------------------------------------------------------

  CREATE UNIQUE INDEX "SYS_C00161586" ON "PLATS" ("CODE") 
  PCTFREE 10 INITRANS 2 MAXTRANS 255 COMPUTE STATISTICS 
  STORAGE(INITIAL 65536 NEXT 1048576 MINEXTENTS 1 MAXEXTENTS 2147483645
  PCTINCREASE 0 FREELISTS 1 FREELIST GROUPS 1
  BUFFER_POOL DEFAULT FLASH_CACHE DEFAULT CELL_FLASH_CACHE DEFAULT)
  TABLESPACE "PERSO" ;
--------------------------------------------------------
--  DDL for Index SYS_C00161584
--------------------------------------------------------

  CREATE UNIQUE INDEX "SYS_C00161584" ON "RESTAURANTS" ("CODE") 
  PCTFREE 10 INITRANS 2 MAXTRANS 255 COMPUTE STATISTICS 
  STORAGE(INITIAL 65536 NEXT 1048576 MINEXTENTS 1 MAXEXTENTS 2147483645
  PCTINCREASE 0 FREELISTS 1 FREELIST GROUPS 1
  BUFFER_POOL DEFAULT FLASH_CACHE DEFAULT CELL_FLASH_CACHE DEFAULT)
  TABLESPACE "PERSO" ;
--------------------------------------------------------
--  DDL for Index SYS_C00161592
--------------------------------------------------------

  CREATE UNIQUE INDEX "SYS_C00161592" ON "SERVICEPLATS" ("CODERESTAU", "CODEPLATS") 
  PCTFREE 10 INITRANS 2 MAXTRANS 255 COMPUTE STATISTICS 
  STORAGE(INITIAL 65536 NEXT 1048576 MINEXTENTS 1 MAXEXTENTS 2147483645
  PCTINCREASE 0 FREELISTS 1 FREELIST GROUPS 1
  BUFFER_POOL DEFAULT FLASH_CACHE DEFAULT CELL_FLASH_CACHE DEFAULT)
  TABLESPACE "PERSO" ;
--------------------------------------------------------
--  DDL for Index SYS_C00161588
--------------------------------------------------------

  CREATE UNIQUE INDEX "SYS_C00161588" ON "SERVICEVIN" ("CODERESTAU", "CODEVIN") 
  PCTFREE 10 INITRANS 2 MAXTRANS 255 COMPUTE STATISTICS 
  STORAGE(INITIAL 65536 NEXT 1048576 MINEXTENTS 1 MAXEXTENTS 2147483645
  PCTINCREASE 0 FREELISTS 1 FREELIST GROUPS 1
  BUFFER_POOL DEFAULT FLASH_CACHE DEFAULT CELL_FLASH_CACHE DEFAULT)
  TABLESPACE "PERSO" ;
--------------------------------------------------------
--  DDL for Index SYS_C00161585
--------------------------------------------------------

  CREATE UNIQUE INDEX "SYS_C00161585" ON "VINS" ("CODE") 
  PCTFREE 10 INITRANS 2 MAXTRANS 255 COMPUTE STATISTICS 
  STORAGE(INITIAL 65536 NEXT 1048576 MINEXTENTS 1 MAXEXTENTS 2147483645
  PCTINCREASE 0 FREELISTS 1 FREELIST GROUPS 1
  BUFFER_POOL DEFAULT FLASH_CACHE DEFAULT CELL_FLASH_CACHE DEFAULT)
  TABLESPACE "PERSO" ;
--------------------------------------------------------
--  Constraints for Table OUVERTURE
--------------------------------------------------------

  ALTER TABLE "OUVERTURE" ADD CONSTRAINT "HEUREF" CHECK (heureFermuture Between 0 and 23) ENABLE;
  ALTER TABLE "OUVERTURE" ADD CONSTRAINT "HEUREO" CHECK (heureOuverture Between 0 and 23) ENABLE;
  ALTER TABLE "OUVERTURE" ADD CONSTRAINT "SYS_C00161597" PRIMARY KEY ("CODERESTAU", "LIBJOUR", "HEUREOUVERTURE")
  USING INDEX PCTFREE 10 INITRANS 2 MAXTRANS 255 COMPUTE STATISTICS 
  STORAGE(INITIAL 65536 NEXT 1048576 MINEXTENTS 1 MAXEXTENTS 2147483645
  PCTINCREASE 0 FREELISTS 1 FREELIST GROUPS 1
  BUFFER_POOL DEFAULT FLASH_CACHE DEFAULT CELL_FLASH_CACHE DEFAULT)
  TABLESPACE "PERSO"  ENABLE;
  ALTER TABLE "OUVERTURE" MODIFY ("LIBJOUR" NOT NULL ENABLE);
  ALTER TABLE "OUVERTURE" MODIFY ("HEUREOUVERTURE" NOT NULL ENABLE);
--------------------------------------------------------
--  Constraints for Table PLATS
--------------------------------------------------------

  ALTER TABLE "PLATS" ADD PRIMARY KEY ("CODE")
  USING INDEX PCTFREE 10 INITRANS 2 MAXTRANS 255 COMPUTE STATISTICS 
  STORAGE(INITIAL 65536 NEXT 1048576 MINEXTENTS 1 MAXEXTENTS 2147483645
  PCTINCREASE 0 FREELISTS 1 FREELIST GROUPS 1
  BUFFER_POOL DEFAULT FLASH_CACHE DEFAULT CELL_FLASH_CACHE DEFAULT)
  TABLESPACE "PERSO"  ENABLE;
--------------------------------------------------------
--  Constraints for Table RESTAURANTS
--------------------------------------------------------

  ALTER TABLE "RESTAURANTS" ADD PRIMARY KEY ("CODE")
  USING INDEX PCTFREE 10 INITRANS 2 MAXTRANS 255 COMPUTE STATISTICS 
  STORAGE(INITIAL 65536 NEXT 1048576 MINEXTENTS 1 MAXEXTENTS 2147483645
  PCTINCREASE 0 FREELISTS 1 FREELIST GROUPS 1
  BUFFER_POOL DEFAULT FLASH_CACHE DEFAULT CELL_FLASH_CACHE DEFAULT)
  TABLESPACE "PERSO"  ENABLE;
--------------------------------------------------------
--  Constraints for Table SERVICEPLATS
--------------------------------------------------------

  ALTER TABLE "SERVICEPLATS" ADD CHECK (specialité in (0,1)) ENABLE;
  ALTER TABLE "SERVICEPLATS" ADD PRIMARY KEY ("CODERESTAU", "CODEPLATS")
  USING INDEX PCTFREE 10 INITRANS 2 MAXTRANS 255 COMPUTE STATISTICS 
  STORAGE(INITIAL 65536 NEXT 1048576 MINEXTENTS 1 MAXEXTENTS 2147483645
  PCTINCREASE 0 FREELISTS 1 FREELIST GROUPS 1
  BUFFER_POOL DEFAULT FLASH_CACHE DEFAULT CELL_FLASH_CACHE DEFAULT)
  TABLESPACE "PERSO"  ENABLE;
--------------------------------------------------------
--  Constraints for Table SERVICEVIN
--------------------------------------------------------

  ALTER TABLE "SERVICEVIN" ADD PRIMARY KEY ("CODERESTAU", "CODEVIN")
  USING INDEX PCTFREE 10 INITRANS 2 MAXTRANS 255 COMPUTE STATISTICS 
  STORAGE(INITIAL 65536 NEXT 1048576 MINEXTENTS 1 MAXEXTENTS 2147483645
  PCTINCREASE 0 FREELISTS 1 FREELIST GROUPS 1
  BUFFER_POOL DEFAULT FLASH_CACHE DEFAULT CELL_FLASH_CACHE DEFAULT)
  TABLESPACE "PERSO"  ENABLE;
--------------------------------------------------------
--  Constraints for Table VINS
--------------------------------------------------------

  ALTER TABLE "VINS" ADD PRIMARY KEY ("CODE")
  USING INDEX PCTFREE 10 INITRANS 2 MAXTRANS 255 COMPUTE STATISTICS 
  STORAGE(INITIAL 65536 NEXT 1048576 MINEXTENTS 1 MAXEXTENTS 2147483645
  PCTINCREASE 0 FREELISTS 1 FREELIST GROUPS 1
  BUFFER_POOL DEFAULT FLASH_CACHE DEFAULT CELL_FLASH_CACHE DEFAULT)
  TABLESPACE "PERSO"  ENABLE;
  
--------------------------------------------------------
SELECT nom, ville FROM RESTAURANTS;
SELECT DISTINCT cru FROM VINS;
SELECT cru, millesime FROM VINS;

SELECT cru FROM VINS WHERE couleur = 'Rouge';
SELECT cru FROM VINS WHERE couleur = 'Rouge' AND MILLESIME = 1993;
SELECT nom, ville FROM RESTAURANTS WHERE ville = 'Toulouse' OR ville='Grenade';
SELECT nom FROM Plats WHERE place= 'Entrée' AND "COULEURVINRDÉÉ" = 'Blanc';
SELECT codePlats FROM SERVICEPLATS WHERE (prixvin BETWEEN 20 AND 30);
SELECT codePlats FROM SERVICEPLATS WHERE specialité = 1 AND CODERESTAU = 3 AND PRIXVIN < 15;


